rank,name_as_in_source,count_if_given,what_is_counted,data_year,source_url
1,ROSUVASTATIN,"16,045,498","Total Prescription Volume: PBS Section 85 and Section 100, including Prescriber Bag and under co-payment prescriptions (Table 6(a))",2024-25,https://www.pbs.gov.au/statistics/expenditure-prescriptions/2024-2025/Expenditure-prescriptions-report-tables-2024-25.PDF
2,ATORVASTATIN,"11,114,671","Total Prescription Volume: PBS Section 85 and Section 100, including Prescriber Bag and under co-payment prescriptions (Table 6(a))",2024-25,https://www.pbs.gov.au/statistics/expenditure-prescriptions/2024-2025/Expenditure-prescriptions-report-tables-2024-25.PDF
3,PANTOPRAZOLE,"10,821,092","Total Prescription Volume: PBS Section 85 and Section 100, including Prescriber Bag and under co-payment prescriptions (Table 6(a))",2024-25,https://www.pbs.gov.au/statistics/expenditure-prescriptions/2024-2025/Expenditure-prescriptions-report-tables-2024-25.PDF
4,ESOMEPRAZOLE,"7,797,551","Total Prescription Volume: PBS Section 85 and Section 100, including Prescriber Bag and under co-payment prescriptions (Table 6(a))",2024-25,https://www.pbs.gov.au/statistics/expenditure-prescriptions/2024-2025/Expenditure-prescriptions-report-tables-2024-25.PDF
5,ESCITALOPRAM,"6,468,288","Total Prescription Volume: PBS Section 85 and Section 100, including Prescriber Bag and under co-payment prescriptions (Table 6(a))",2024-25,https://www.pbs.gov.au/statistics/expenditure-prescriptions/2024-2025/Expenditure-prescriptions-report-tables-2024-25.PDF
6,PERINDOPRIL,"6,273,225","Total Prescription Volume: PBS Section 85 and Section 100, including Prescriber Bag and under co-payment prescriptions (Table 6(a))",2024-25,https://www.pbs.gov.au/statistics/expenditure-prescriptions/2024-2025/Expenditure-prescriptions-report-tables-2024-25.PDF
7,SERTRALINE,"6,170,213","Total Prescription Volume: PBS Section 85 and Section 100, including Prescriber Bag and under co-payment prescriptions (Table 6(a))",2024-25,https://www.pbs.gov.au/statistics/expenditure-prescriptions/2024-2025/Expenditure-prescriptions-report-tables-2024-25.PDF
8,METFORMIN,"6,060,865","Total Prescription Volume: PBS Section 85 and Section 100, including Prescriber Bag and under co-payment prescriptions (Table 6(a))",2024-25,https://www.pbs.gov.au/statistics/expenditure-prescriptions/2024-2025/Expenditure-prescriptions-report-tables-2024-25.PDF
9,CEFALEXIN,"5,099,619","Total Prescription Volume: PBS Section 85 and Section 100, including Prescriber Bag and under co-payment prescriptions (Table 6(a))",2024-25,https://www.pbs.gov.au/statistics/expenditure-prescriptions/2024-2025/Expenditure-prescriptions-report-tables-2024-25.PDF
10,AMOXICILLIN,"4,937,222","Total Prescription Volume: PBS Section 85 and Section 100, including Prescriber Bag and under co-payment prescriptions (Table 6(a))",2024-25,https://www.pbs.gov.au/statistics/expenditure-prescriptions/2024-2025/Expenditure-prescriptions-report-tables-2024-25.PDF
11,AMLODIPINE,"4,622,711","Total Prescription Volume: PBS Section 85 and Section 100, including Prescriber Bag and under co-payment prescriptions (Table 6(a))",2024-25,https://www.pbs.gov.au/statistics/expenditure-prescriptions/2024-2025/Expenditure-prescriptions-report-tables-2024-25.PDF
12,APIXABAN,"4,237,113","Total Prescription Volume: PBS Section 85 and Section 100, including Prescriber Bag and under co-payment prescriptions (Table 6(a))",2024-25,https://www.pbs.gov.au/statistics/expenditure-prescriptions/2024-2025/Expenditure-prescriptions-report-tables-2024-25.PDF
13,TELMISARTAN,"4,079,372","Total Prescription Volume: PBS Section 85 and Section 100, including Prescriber Bag and under co-payment prescriptions (Table 6(a))",2024-25,https://www.pbs.gov.au/statistics/expenditure-prescriptions/2024-2025/Expenditure-prescriptions-report-tables-2024-25.PDF
14,CANDESARTAN,"3,973,135","Total Prescription Volume: PBS Section 85 and Section 100, including Prescriber Bag and under co-payment prescriptions (Table 6(a))",2024-25,https://www.pbs.gov.au/statistics/expenditure-prescriptions/2024-2025/Expenditure-prescriptions-report-tables-2024-25.PDF
15,PREGABALIN,"3,923,367","Total Prescription Volume: PBS Section 85 and Section 100, including Prescriber Bag and under co-payment prescriptions (Table 6(a))",2024-25,https://www.pbs.gov.au/statistics/expenditure-prescriptions/2024-2025/Expenditure-prescriptions-report-tables-2024-25.PDF
16,SALBUTAMOL,"3,584,646","Total Prescription Volume: PBS Section 85 and Section 100, including Prescriber Bag and under co-payment prescriptions (Table 6(a))",2024-25,https://www.pbs.gov.au/statistics/expenditure-prescriptions/2024-2025/Expenditure-prescriptions-report-tables-2024-25.PDF
17,MIRTAZAPINE,"3,531,658","Total Prescription Volume: PBS Section 85 and Section 100, including Prescriber Bag and under co-payment prescriptions (Table 6(a))",2024-25,https://www.pbs.gov.au/statistics/expenditure-prescriptions/2024-2025/Expenditure-prescriptions-report-tables-2024-25.PDF
18,VENLAFAXINE,"3,514,002","Total Prescription Volume: PBS Section 85 and Section 100, including Prescriber Bag and under co-payment prescriptions (Table 6(a))",2024-25,https://www.pbs.gov.au/statistics/expenditure-prescriptions/2024-2025/Expenditure-prescriptions-report-tables-2024-25.PDF
19,AMOXICILLIN + CLAVULANIC ACID,"3,391,613","Total Prescription Volume: PBS Section 85 and Section 100, including Prescriber Bag and under co-payment prescriptions (Table 6(a))",2024-25,https://www.pbs.gov.au/statistics/expenditure-prescriptions/2024-2025/Expenditure-prescriptions-report-tables-2024-25.PDF
20,IRBESARTAN,"3,386,021","Total Prescription Volume: PBS Section 85 and Section 100, including Prescriber Bag and under co-payment prescriptions (Table 6(a))",2024-25,https://www.pbs.gov.au/statistics/expenditure-prescriptions/2024-2025/Expenditure-prescriptions-report-tables-2024-25.PDF
21,OXYCODONE,"3,145,610","Total Prescription Volume: PBS Section 85 and Section 100, including Prescriber Bag and under co-payment prescriptions (Table 6(a))",2024-25,https://www.pbs.gov.au/statistics/expenditure-prescriptions/2024-2025/Expenditure-prescriptions-report-tables-2024-25.PDF
22,AMITRIPTYLINE,"2,897,376","Total Prescription Volume: PBS Section 85 and Section 100, including Prescriber Bag and under co-payment prescriptions (Table 6(a))",2024-25,https://www.pbs.gov.au/statistics/expenditure-prescriptions/2024-2025/Expenditure-prescriptions-report-tables-2024-25.PDF
23,PERINDOPRIL + AMLODIPINE,"2,887,008","Total Prescription Volume: PBS Section 85 and Section 100, including Prescriber Bag and under co-payment prescriptions (Table 6(a))",2024-25,https://www.pbs.gov.au/statistics/expenditure-prescriptions/2024-2025/Expenditure-prescriptions-report-tables-2024-25.PDF
24,DOXYCYCLINE,"2,849,896","Total Prescription Volume: PBS Section 85 and Section 100, including Prescriber Bag and under co-payment prescriptions (Table 6(a))",2024-25,https://www.pbs.gov.au/statistics/expenditure-prescriptions/2024-2025/Expenditure-prescriptions-report-tables-2024-25.PDF
25,PARACETAMOL + CODEINE,"2,844,913","Total Prescription Volume: PBS Section 85 and Section 100, including Prescriber Bag and under co-payment prescriptions (Table 6(a))",2024-25,https://www.pbs.gov.au/statistics/expenditure-prescriptions/2024-2025/Expenditure-prescriptions-report-tables-2024-25.PDF
26,RAMIPRIL,"2,821,505","Total Prescription Volume: PBS Section 85 and Section 100, including Prescriber Bag and under co-payment prescriptions (Table 6(a))",2024-25,https://www.pbs.gov.au/statistics/expenditure-prescriptions/2024-2025/Expenditure-prescriptions-report-tables-2024-25.PDF
27,SEMAGLUTIDE,"2,819,530","Total Prescription Volume: PBS Section 85 and Section 100, including Prescriber Bag and under co-payment prescriptions (Table 6(a))",2024-25,https://www.pbs.gov.au/statistics/expenditure-prescriptions/2024-2025/Expenditure-prescriptions-report-tables-2024-25.PDF
28,FLUOXETINE,"2,806,773","Total Prescription Volume: PBS Section 85 and Section 100, including Prescriber Bag and under co-payment prescriptions (Table 6(a))",2024-25,https://www.pbs.gov.au/statistics/expenditure-prescriptions/2024-2025/Expenditure-prescriptions-report-tables-2024-25.PDF
29,BISOPROLOL,"2,507,469","Total Prescription Volume: PBS Section 85 and Section 100, including Prescriber Bag and under co-payment prescriptions (Table 6(a))",2024-25,https://www.pbs.gov.au/statistics/expenditure-prescriptions/2024-2025/Expenditure-prescriptions-report-tables-2024-25.PDF
30,PREDNISOLONE,"2,504,340","Total Prescription Volume: PBS Section 85 and Section 100, including Prescriber Bag and under co-payment prescriptions (Table 6(a))",2024-25,https://www.pbs.gov.au/statistics/expenditure-prescriptions/2024-2025/Expenditure-prescriptions-report-tables-2024-25.PDF
31,EZETIMIBE,"2,476,155","Total Prescription Volume: PBS Section 85 and Section 100, including Prescriber Bag and under co-payment prescriptions (Table 6(a))",2024-25,https://www.pbs.gov.au/statistics/expenditure-prescriptions/2024-2025/Expenditure-prescriptions-report-tables-2024-25.PDF
32,RIVAROXABAN,"2,458,290","Total Prescription Volume: PBS Section 85 and Section 100, including Prescriber Bag and under co-payment prescriptions (Table 6(a))",2024-25,https://www.pbs.gov.au/statistics/expenditure-prescriptions/2024-2025/Expenditure-prescriptions-report-tables-2024-25.PDF
33,MELOXICAM,"2,444,870","Total Prescription Volume: PBS Section 85 and Section 100, including Prescriber Bag and under co-payment prescriptions (Table 6(a))",2024-25,https://www.pbs.gov.au/statistics/expenditure-prescriptions/2024-2025/Expenditure-prescriptions-report-tables-2024-25.PDF
34,RABEPRAZOLE,"2,437,400","Total Prescription Volume: PBS Section 85 and Section 100, including Prescriber Bag and under co-payment prescriptions (Table 6(a))",2024-25,https://www.pbs.gov.au/statistics/expenditure-prescriptions/2024-2025/Expenditure-prescriptions-report-tables-2024-25.PDF
35,DESVENLAFAXINE,"2,425,477","Total Prescription Volume: PBS Section 85 and Section 100, including Prescriber Bag and under co-payment prescriptions (Table 6(a))",2024-25,https://www.pbs.gov.au/statistics/expenditure-prescriptions/2024-2025/Expenditure-prescriptions-report-tables-2024-25.PDF
36,METOPROLOL TARTRATE,"2,406,425","Total Prescription Volume: PBS Section 85 and Section 100, including Prescriber Bag and under co-payment prescriptions (Table 6(a))",2024-25,https://www.pbs.gov.au/statistics/expenditure-prescriptions/2024-2025/Expenditure-prescriptions-report-tables-2024-25.PDF
37,DULOXETINE,"2,266,715","Total Prescription Volume: PBS Section 85 and Section 100, including Prescriber Bag and under co-payment prescriptions (Table 6(a))",2024-25,https://www.pbs.gov.au/statistics/expenditure-prescriptions/2024-2025/Expenditure-prescriptions-report-tables-2024-25.PDF
38,ATENOLOL,"2,259,103","Total Prescription Volume: PBS Section 85 and Section 100, including Prescriber Bag and under co-payment prescriptions (Table 6(a))",2024-25,https://www.pbs.gov.au/statistics/expenditure-prescriptions/2024-2025/Expenditure-prescriptions-report-tables-2024-25.PDF
39,DUTASTERIDE + TAMSULOSIN,"2,213,355","Total Prescription Volume: PBS Section 85 and Section 100, including Prescriber Bag and under co-payment prescriptions (Table 6(a))",2024-25,https://www.pbs.gov.au/statistics/expenditure-prescriptions/2024-2025/Expenditure-prescriptions-report-tables-2024-25.PDF
40,LISDEXAMFETAMINE,"2,196,304","Total Prescription Volume: PBS Section 85 and Section 100, including Prescriber Bag and under co-payment prescriptions (Table 6(a))",2024-25,https://www.pbs.gov.au/statistics/expenditure-prescriptions/2024-2025/Expenditure-prescriptions-report-tables-2024-25.PDF
41,LEVOTHYROXINE,"2,173,795","Total Prescription Volume: PBS Section 85 and Section 100, including Prescriber Bag and under co-payment prescriptions (Table 6(a))",2024-25,https://www.pbs.gov.au/statistics/expenditure-prescriptions/2024-2025/Expenditure-prescriptions-report-tables-2024-25.PDF
42,BUDESONIDE + FORMOTEROL,"2,146,794","Total Prescription Volume: PBS Section 85 and Section 100, including Prescriber Bag and under co-payment prescriptions (Table 6(a))",2024-25,https://www.pbs.gov.au/statistics/expenditure-prescriptions/2024-2025/Expenditure-prescriptions-report-tables-2024-25.PDF
43,DIAZEPAM,"2,131,032","Total Prescription Volume: PBS Section 85 and Section 100, including Prescriber Bag and under co-payment prescriptions (Table 6(a))",2024-25,https://www.pbs.gov.au/statistics/expenditure-prescriptions/2024-2025/Expenditure-prescriptions-report-tables-2024-25.PDF
44,CELECOXIB,"2,103,047","Total Prescription Volume: PBS Section 85 and Section 100, including Prescriber Bag and under co-payment prescriptions (Table 6(a))",2024-25,https://www.pbs.gov.au/statistics/expenditure-prescriptions/2024-2025/Expenditure-prescriptions-report-tables-2024-25.PDF
45,PARACETAMOL,"2,088,142","Total Prescription Volume: PBS Section 85 and Section 100, including Prescriber Bag and under co-payment prescriptions (Table 6(a))",2024-25,https://www.pbs.gov.au/statistics/expenditure-prescriptions/2024-2025/Expenditure-prescriptions-report-tables-2024-25.PDF
46,CLOPIDOGREL,"2,075,223","Total Prescription Volume: PBS Section 85 and Section 100, including Prescriber Bag and under co-payment prescriptions (Table 6(a))",2024-25,https://www.pbs.gov.au/statistics/expenditure-prescriptions/2024-2025/Expenditure-prescriptions-report-tables-2024-25.PDF
47,LERCANIDIPINE,"2,055,583","Total Prescription Volume: PBS Section 85 and Section 100, including Prescriber Bag and under co-payment prescriptions (Table 6(a))",2024-25,https://www.pbs.gov.au/statistics/expenditure-prescriptions/2024-2025/Expenditure-prescriptions-report-tables-2024-25.PDF
48,EMPAGLIFLOZIN,"2,035,070","Total Prescription Volume: PBS Section 85 and Section 100, including Prescriber Bag and under co-payment prescriptions (Table 6(a))",2024-25,https://www.pbs.gov.au/statistics/expenditure-prescriptions/2024-2025/Expenditure-prescriptions-report-tables-2024-25.PDF
49,METHYLPHENIDATE,"2,029,344","Total Prescription Volume: PBS Section 85 and Section 100, including Prescriber Bag and under co-payment prescriptions (Table 6(a))",2024-25,https://www.pbs.gov.au/statistics/expenditure-prescriptions/2024-2025/Expenditure-prescriptions-report-tables-2024-25.PDF
50,DAPAGLIFLOZIN,"1,915,899","Total Prescription Volume: PBS Section 85 and Section 100, including Prescriber Bag and under co-payment prescriptions (Table 6(a))",2024-25,https://www.pbs.gov.au/statistics/expenditure-prescriptions/2024-2025/Expenditure-prescriptions-report-tables-2024-25.PDF
