generic_name,commercial_name,manufacturer_if_shown,strength_and_form_if_shown,register_url,registration_number,atc_code,pack_rows_under_this_name,pack_rows_marked_active,essential_list_row
isoflurane,Izofluran Liquid for inhalation 250ml vials,LTD Piramal Pharma Limited Индия,,https://uzpharm-control.uz/registry/drugs/43794,DV/X 03403/07/17,N01AB06,2,2,1.1.1. Izofluran
isoflurane,anesteran Liquid for inhalation 250ml glass vials,S.C. Rompharm Company S.R.L. Румыния,,https://uzpharm-control.uz/registry/drugs/18300,DV/X 10029/08/22,N01AB06,2,2,1.1.1. Izofluran
isoflurane,Izotroy 250 Liquid for inhalation 250ml vials,Troikaa Pharmaceuticals LTD Индия,,https://uzpharm-control.uz/registry/drugs/21064,DV/X 05247/11/18,N01AB06,2,2,1.1.1. Izofluran
isoflurane,Izofluran Liquid for inhalation 250ml vials,Co. Ltd. Lunan Better Pharmaceutical Китай,,https://uzpharm-control.uz/registry/drugs/10150,DV/X 07754/04/20,N01AB06,2,2,1.1.1. Izofluran
sevoflurane,Sevovor Liquid for inhalation 250ml vials,Shanghai Hengriu Pharmaceutical Co. Ltd. Китай,,https://uzpharm-control.uz/registry/drugs/34683,DV/X 07755/04/20,N01AB08,1,1,1.1.2. Sevofluran
sevoflurane,SEVOFLURAN Solution for inhalation anesthesia 250ml vials,LTD Piramal Pharma Limited Индия,,https://uzpharm-control.uz/registry/drugs/3568,DV/X 01378/02/16,N01AB08,2,1,1.1.2. Sevofluran
sevoflurane,Sevorane Liquid for inhalation 250ml vials,Abbvie S.R.L. Италия,,https://uzpharm-control.uz/registry/drugs/19271,DV/X 07667/03/20,N01AB08,1,1,1.1.2. Sevofluran
sevoflurane,Sevo-Anesteran Liquid for inhalation 250ml vials,S.C. Rompharm Company S.R.L. Румыния,,https://uzpharm-control.uz/registry/drugs/13996,DV/X 05586/01/19,N01AB08,1,1,1.1.2. Sevofluran
sevoflurane,Sevotroy 250 Solution for inhalation 250ml vials,Troikaa Pharmaceuticals LTD Индия,,https://uzpharm-control.uz/registry/drugs/25166,DV/X 05182/10/18,N01AB08,1,1,1.1.2. Sevofluran
sodium ascorbate,Natrii oxybutyratum Solution for injection 200 mg/ml 10ml ampoules №10,АО Фармак Украина,,https://uzpharm-control.uz/registry/drugs/29508,DV/X 02254/10/16,N01AX11,4,4,1.2.1. Natriy oksibutirat
thiopental sodium,Tiopental Lyophilizate for solution for injection 1 g vials №40,ПАО Киевмедпрепарат Украина,,https://uzpharm-control.uz/registry/drugs/3384,DV/X 01740/05/16,N01AF03,4,2,1.2.2. Tiopental natriy
ketamine,Ketamin Solution for intravenous or intramuscular injection 50 mg/ml 5ml ampoules №500(100x5),ФГУП Московский эндокринный завод2 Российская Федерация,,https://uzpharm-control.uz/registry/drugs/3617,DV/X 02505/12/16,N01AX03,10,10,1.2.3. Ketamin
ketamine,Ketamin Solution for injection 50 mg/ml 10ml vials №5(5x1),АО Фармак Украина,,https://uzpharm-control.uz/registry/drugs/35781,DV/X 02123/09/16,N01AX03,3,3,1.2.3. Ketamin
ketamine,KETAMIN-ZN Solution for injection 50 mg/ml 2ml ampoules №10(2x5),"ООО Харьковское фармацевтическое предприятие ""Здоровье народу""1 Украина",,https://uzpharm-control.uz/registry/drugs/42471,DV/X 02840/04/17,N01AX03,2,2,1.2.3. Ketamin
propofol,Nirfol Emulsion for injection 1% 50ml vials,Aculife Healthcare Pvt. Ltd. Индия,,https://uzpharm-control.uz/registry/drugs/4476,DV/X 02127/09/16,N01AX10,3,2,1.2.4. Propofol
propofol,Digfol Emulsion for injection 1% 20ml vials,REMUS PHARMACEUTICALS LTD Индия,,https://uzpharm-control.uz/registry/drugs/42160,DV/X 09828/04/22,N01AX10,1,1,1.2.4. Propofol
propofol,Troypofol Intravenous Emulsion 1 % 50ml vials,Troikaa Pharmaceuticals LTD Индия,,https://uzpharm-control.uz/registry/drugs/15426,DV/X 08822/04/21,N01AX10,2,2,1.2.4. Propofol
propofol,Diprofolum Emulsion for infusion 10 mg/ml 20ml vials №10,АО Фармак 4 Украина,,https://uzpharm-control.uz/registry/drugs/43506,DV/X 07113/11/19,N01AX10,10,3,1.2.4. Propofol
propofol,Propofol-Orville Emulsion for injection 1 % 20ml ampoules №5(1x5),Co. Ltd. Dongkook Pharmaceutical Корея Южная,,https://uzpharm-control.uz/registry/drugs/23772,DV/X 07944/06/20,N01AX10,1,1,1.2.4. Propofol
propofol,Propofol Kabi Intravenous Emulsion 20 mg/ml 50ml vials №10(1x10),Fresenius Kabi Austria GmbH Австрия,,https://uzpharm-control.uz/registry/drugs/10932,DV/X 09704/03/22,N01AX10,2,2,1.2.4. Propofol
propofol,Propofol Kabi Intravenous Emulsion 10 mg/ml 50ml vials,Fresenius Kabi Austria GmbH Австрия,,https://uzpharm-control.uz/registry/drugs/10767,DV/X 09703/03/22,N01AX10,2,2,1.2.4. Propofol
propofol,Propofol-Lipuro 1% Intravenous Emulsion 10 mg/ml 100ml vials №10(10x1),B.Braun Melsungen AG Германия,,https://uzpharm-control.uz/registry/drugs/9118,DV/X 08151/07/20,N01AX10,3,2,1.2.4. Propofol
propofol,Propofol® Emulsion for intravenous injection 200 mg/20ml 20ml ampoules №5(5x1),Xi'An Libang Pharmaceuticals Co. Ltd. Китай,,https://uzpharm-control.uz/registry/drugs/18041,DV/X 05293/11/18,N01AX10,1,1,1.2.4. Propofol
propofol,Profol Intravenous Emulsion 1 % 50ml vials №6(6x1),Baxter Pharmaceuticals India Pvt. Ltd. Индия,,https://uzpharm-control.uz/registry/drugs/48600,DV/X 04252/04/18,N01AX10,4,3,1.2.4. Propofol
propofol,Avefol Emulsion for injection 1 % 20ml ampoules №5(5x1),ООО Аверси-Рационал Грузия,,https://uzpharm-control.uz/registry/drugs/34799,DV/X 06105/04/19,N01AX10,1,1,1.2.4. Propofol
propofol,PROPO-ANESTERAN Эмульсия для внутривенной  инъекции и инфузий 10 mg/ml 50ml vials №5(1x5),S.C. Rompharm Company S.R.L. Румыния,,https://uzpharm-control.uz/registry/drugs/29186,DV/X 09324/10/21,N01AX10,4,4,1.2.4. Propofol
propofol,Propofol-Novo Emulsion for infusion 10 mg / ml 50ml vials,"ООО фирма ""Новофарм-Биосинтез"" Украина",,https://uzpharm-control.uz/registry/drugs/28571,DV/X 09374/11/21,N01AX10,2,2,1.2.4. Propofol
propofol,Respolac Emulsion for injection 500 mg/50 ml 50ml vials,Limited Aspiro Pharma Индия,,https://uzpharm-control.uz/registry/drugs/12590,DV/X 11184/12/25,N01AX10,2,2,1.2.4. Propofol
propofol,Sayfol Intravenous Emulsion 10 mg/ml 20ml vials №5(5x1),Novell Pharmaceutical Laboratories Индонезия,,https://uzpharm-control.uz/registry/drugs/3828,DV/X 08150/07/20,N01AX10,1,1,1.2.4. Propofol
propofol,Avefol Emulsion for injection 1 % 1% ampoules №5(5x1),ООО Аверси-Рационал Грузия,,https://uzpharm-control.uz/registry/drugs/2883,DV/X 06111/04/19,N01AX10,1,1,1.2.4. Propofol
dexmedetomidine,Medeon INJ Concentrate for solution for infusion 200 mcg/ 2ml vials №10(1x10),Co. Ltd. Hunan Kelun Pharmaceutical Китай,,https://uzpharm-control.uz/registry/drugs/9533,DV/X 08479/11/20,N05CM18,1,1,1.2.5. Deksmedetomidin
dexmedetomidine,Dexcimb Concentrate for solution for infusion 100 mcg/ml 2ml vials №10(10x1),Gland Pharma Limited Индия,,https://uzpharm-control.uz/registry/drugs/32320,DV/X 08567/02/21,N05CM18,2,2,1.2.5. Deksmedetomidin
dexmedetomidine,Kvanadex Concentrate for solution for infusion 100 mcg/ml 2ml ampoules №5,ООО Юрия-Фарм Украина,,https://uzpharm-control.uz/registry/drugs/21813,DV/X 09709/03/22,N05CM18,1,1,1.2.5. Deksmedetomidin
dexmedetomidine,Kvanadex Solution for injection 200 mcg/2ml(100 mcg/ml) 2ml vials №10,Co. Ltd. Jiangsu Hengrui Medicine Китай,,https://uzpharm-control.uz/registry/drugs/27337,DV/X 08706/03/21,N05CM18,1,1,1.2.5. Deksmedetomidin
dexmedetomidine,Deksmedetomidin Kalseks Concentrate for solution for infusion 100 mcg/ml 2ml ampoules №25(5x5),S.R.O. HBM Pharma Словакия,,https://uzpharm-control.uz/registry/drugs/47128,DV/X 08130/07/20,N05CM18,3,2,1.2.5. Deksmedetomidin
dexmedetomidine,Dekstomid Concentrate for solution for infusion 100 mcg/ml 2ml vials №5(5x1),Aroma Ilac San Ltd.Şti. Турция,,https://uzpharm-control.uz/registry/drugs/14374,DV/X 07715/03/20,N05CM18,1,1,1.2.5. Deksmedetomidin
dexmedetomidine,Dexmedetomidin EVER Valinject Concentrate for solution for infusion 100 mcg/ml 10ml ampoules №5(1x5),EVER Pharma Jena GmbH Германия,,https://uzpharm-control.uz/registry/drugs/48475,DV/X/TO 11461/08/26,N05CM18,3,3,1.2.5. Deksmedetomidin
dexmedetomidine,Deksmedetomidin EVER Farma® Concentrate for preparation of infusion solution 100 мкг/мл 2ml ampoules №25(25x1),EVER Pharma Jena GmbH Германия,,https://uzpharm-control.uz/registry/drugs/14346,DV/X 06616/08/19,N05CM18,10,10,1.2.5. Deksmedetomidin
midazolam,Midazolam Solution for intravenous or intramuscular injection 5 mg/ml 3ml ampoules №5(1x5),ФГУП Московский эндокринный завод Российская Федерация,,https://uzpharm-control.uz/registry/drugs/23897,DV/X 09839/04/22,N05CD08,2,2,1.3.1. Midazolam
midazolam,"Midazolam Kalseks Solution for intravenous, intramuscular and rectal administration 5 mg/ml 3ml ampoules №10(2x5)",S.R.O. ХБМ Фарма Словакия,,https://uzpharm-control.uz/registry/drugs/8170,DV/X 08961/05/21,N05CD08,4,4,1.3.1. Midazolam
phenobarbital,Fenobarbital-NGP Tablets 100 mg contour cellular packaging №50(5x10),ООО Neogalenpharm Узбекистан,,https://uzpharm-control.uz/registry/drugs/45856,DV/M 03184/05/20,N03AA02,5,5,1.4.1. Fenobarbital
phenobarbital,Phenobarbital Tablets 100 mg contour cellular packaging №20(2x10),ФГУП Московский эндокринный завод1 Российская Федерация,,https://uzpharm-control.uz/registry/drugs/35105,DV/X 03187/06/17,N03AA02,7,2,1.4.1. Fenobarbital
carbamazepine,Carbamazepin-FS Tablets 200 mg blisters №50(5x10),ООО Фарма Старт Украина,,https://uzpharm-control.uz/registry/drugs/7070,DV/X 04013/02/18,N03AF01,1,1,1.4.2. Karbamazepin
carbamazepine,Carbamazepine Tablets 200 mg contour cellular packaging №50(5x10),ООО MALIKA LABORATORIES Узбекистан,,https://uzpharm-control.uz/registry/drugs/17190,DV/M 04193/07/22,N03AF01,1,1,1.4.2. Karbamazepin
carbamazepine,Carbamazepinum-NGP Tablets 200 mg contour cellular packaging №50(5x10),ООО Neogalenpharm Узбекистан,,https://uzpharm-control.uz/registry/drugs/25813,DV/M 00387/10/15,N03AF01,5,5,1.4.2. Karbamazepin
carbamazepine,Karbamazepine Tablets 200 mg contour cellular packaging №50(5x10),"СП ООО Узбекско-Британское ""REMEDY"" Узбекистан",,https://uzpharm-control.uz/registry/drugs/35821,DV/M 02661/07/19,N03AF01,5,5,1.4.2. Karbamazepin
carbamazepine,Carbamazepin Tablets 200 mg contour cellular packaging №50(5x10),ПАО Синтез Российская Федерация,,https://uzpharm-control.uz/registry/drugs/18413,DV/X 02828/03/17,N03AF01,1,1,1.4.2. Karbamazepin
carbamazepine,Carbamazepine-Zdorovye Tablets 200 mg blisters №20(20x1),"ООО Фармацевтическая компания ""Здоровье""2 Украина",,https://uzpharm-control.uz/registry/drugs/12330,DV/X 04229/03/18,N03AF01,2,2,1.4.2. Karbamazepin
carbamazepine,Carbamazepine Tablets 200 mg blisters №50(5x10),ЧАО Технолог Украина,,https://uzpharm-control.uz/registry/drugs/22623,DV/X 07126/11/19,N03AF01,1,1,1.4.2. Karbamazepin
carbamazepine,Karbamazepin Tablets 200 mg contour cellular packaging №100(10x10),ООО Navbahor Sanoat Узбекистан,,https://uzpharm-control.uz/registry/drugs/28131,DV/M 03378/07/20,N03AF01,5,4,1.4.2. Karbamazepin
carbamazepine,Carbamazepinum Tablets 200 mg contour cellular packaging №50(5x10),ООО Арпимед Республика Армения,,https://uzpharm-control.uz/registry/drugs/36926,DV/X 03879/12/17,N03AF01,1,1,1.4.2. Karbamazepin
carbamazepine,MEZACAR® Tablets 200mg blisters №50(5x10),Kusum Healthcare Pvt. Ltd. Индия,,https://uzpharm-control.uz/registry/drugs/13489,DV/X 03783/11/17,N03AF01,1,1,1.4.2. Karbamazepin
carbamazepine,Karbamazepin-RG Tablets 200 mg contour cellular packaging №50(5x10),СП ООО Remedy Group Узбекистан,,https://uzpharm-control.uz/registry/drugs/11691,DV/M 02599/06/19,N03AF01,4,4,1.4.2. Karbamazepin
carbamazepine,Melepsin Tablets 200 mg blisters №50(2x25),World Medicine İlaç San. ve Tic. A. Ş. Турция,,https://uzpharm-control.uz/registry/drugs/44119,DV/X 09615/02/22,N03AF01,1,1,1.4.2. Karbamazepin
carbamazepine,CARBAMAZEPIN BEL Tablets 200mg contour cellular packaging №50(5x10),ИП ООО BELPHARM Узбекистан,,https://uzpharm-control.uz/registry/drugs/4759,DV/M 05515/02/26,N03AF01,1,1,1.4.2. Karbamazepin
carbamazepine,MEZACAR® SR Prolonged-release tablets 400 mg blisters №50(5x10),Kusum Healthcare Pvt. Ltd. Индия,,https://uzpharm-control.uz/registry/drugs/15517,DV/X 05085/09/18,N03AF01,1,1,1.4.2. Karbamazepin
carbamazepine,КАРБАМАЗЕПИН Tablets 200 mg strips №50(5x10),LTD Rusan Pharma Индия,,https://uzpharm-control.uz/registry/drugs/12174,DV/X 01368/02/16,N03AF01,1,1,1.4.2. Karbamazepin
carbamazepine,MER Karbamazepin Tablets 200 mg contour cellular packaging №50(5x10),ООО Merrymed Farm Узбекистан,,https://uzpharm-control.uz/registry/drugs/33697,DV/M 04259/09/22,N03AF01,4,4,1.4.2. Karbamazepin
carbamazepine,Carbamazepin-GT Tablets 200 mg blisters №50(5x10),Hebei Oriental Pharma IE Corporation Китай,,https://uzpharm-control.uz/registry/drugs/2952,DV/X 00458/06/15,N03AF01,1,1,1.4.2. Karbamazepin
carbamazepine,Karbamazepin-NIKA Tablets 200 mg contour cellular packaging №200(20x10),ООО Nika Pharm Узбекистан,,https://uzpharm-control.uz/registry/drugs/2592,DV/M 02021/03/18,N03AF01,7,2,1.4.2. Karbamazepin
benzobarbital,Benzonal Tablets 100 mg contour cellular packaging №50(2x25),АО Татхимфармпрепараты Российская Федерация,,https://uzpharm-control.uz/registry/drugs/8269,DV/X 06917/10/19,N03AA05,2,1,1.4.3. Benzobarbital
benzobarbital,Benzonal Tablets 100 mg contour cellular packaging №50(5x10),ФГУП Московский эндокринный завод Российская Федерация,,https://uzpharm-control.uz/registry/drugs/3387,DV/X 04083/02/18,N03AA,3,3,1.4.3. Benzobarbital
benzobarbital,MER Benzonal Tablets 100 mg contour cellular packaging №50(5x10),ООО Merrymed Farm1 Узбекистан,,https://uzpharm-control.uz/registry/drugs/25040,DV/M 03773/03/21,N03AA,5,5,1.4.3. Benzobarbital
benzobarbital,Benzonal-RG Tablets 100mg contour cellular packaging №10,СП ООО Remedy Group' Узбекистан,,https://uzpharm-control.uz/registry/drugs/3814,DV/M 02598/06/19,N03AA,4,4,1.4.3. Benzobarbital
benzobarbital,Benzonalum Tablets 100 mg contour cellular packaging №48(2x24),ООО Арпимед Республика Армения,,https://uzpharm-control.uz/registry/drugs/42548,DV/X 00651/07/15,N03AA,1,1,1.4.3. Benzobarbital
benzobarbital,Benzonal-NGP Tablets 100 mg contour cellular packaging №50(5x10),ООО Neogalenpharm Узбекистан,,https://uzpharm-control.uz/registry/drugs/5620,DV/M 00401/09/15,N03AA,5,5,1.4.3. Benzobarbital
benzobarbital,Benzonal Tablets 100 mg packagings pocketless contour-fit №50(5x10),АО Усолье-Сибирский химико фармацевтический завод Российская Федерация,,https://uzpharm-control.uz/registry/drugs/6251,DV/X 10329/12/22,N03AA05,2,2,1.4.3. Benzobarbital
valproic acid,Valprokom Hrono Sustained-release film-coated tablets 500mg blisters №30(3x10),ООО Фарма Старт Украина,,https://uzpharm-control.uz/registry/drugs/34536,DV/X 04090/03/18,N03AG01,3,2,1.4.4. Valproat kislotasi/v?lproat natriy
valproic acid,Valparin XP 500 prolonged - release film - coated tablets 500 mg strips №100(10x10),Torrent Pharmaceuticals LTD Индия,,https://uzpharm-control.uz/registry/drugs/6642,DV/X 07748/04/20,N03AG01,4,4,1.4.4. Valproat kislotasi/v?lproat natriy
valproic acid,DEPAKINE ® Chrono Divisible sustained release coated tablets 300 mg vials №100(2x50),Sanofi Winthrop Industrie Франция,,https://uzpharm-control.uz/registry/drugs/3851,DV/X 04356/05/18,N03AG01,1,1,1.4.4. Valproat kislotasi/v?lproat natriy
valproic acid,Konvuleks® Solution for injection 100 mg/ml 5ml ampoules №5,G.L.Pharma GmbH Австрия,,https://uzpharm-control.uz/registry/drugs/40327,DV/X 06176/05/19,N03AG01,1,1,1.4.4. Valproat kislotasi/v?lproat natriy
valproic acid,Konvustop Oral syrup 250 mg/5ml 5ml unidozis №50(50x1),СП ООО Jurabek Laboratories Узбекистан,,https://uzpharm-control.uz/registry/drugs/14783,DV/M 04021/12/21,N03AG01,5,5,1.4.4. Valproat kislotasi/v?lproat natriy
valproic acid,"Convulex Film-coated tablets, prolonged release 500mg vials №100(100x1)",G.L. Pharma GmbH Австрия,,https://uzpharm-control.uz/registry/drugs/36523,DV/X 00405/05/15/3,N03AG01,4,4,1.4.4. Valproat kislotasi/v?lproat natriy
valproic acid,Depakine® Chrono Divisible sustained release coated tablets 500mg vials №30(30x1),Sanofi Winthrop Industrie Франция,,https://uzpharm-control.uz/registry/drugs/46090,DV/X 03095/06/17,N03AG01,1,1,1.4.4. Valproat kislotasi/v?lproat natriy
valproic acid,Convulex Капсулы гастрорезистентные мягкие 500 mg blisters №100(5x20),G.L. Pharma GmbH Австрия,,https://uzpharm-control.uz/registry/drugs/37151,DV/X 00405/05/15/2,N03AG01,6,3,1.4.4. Valproat kislotasi/v?lproat natriy
valproic acid,Konvuleks® Oral drops 300mg/ml vials with a metering device,G.L.Pharma GmbH Австрия,,https://uzpharm-control.uz/registry/drugs/10553,DV/X 00405/05/15/1,N03AG01,1,1,1.4.4. Valproat kislotasi/v?lproat natriy
valproic acid,Convulex Syrup for children 50 mg/ml 100ml vials,G.L. Pharma GmbH Австрия,,https://uzpharm-control.uz/registry/drugs/35265,DV/X 00405/05/15,N03AG01,1,1,1.4.4. Valproat kislotasi/v?lproat natriy
valproic acid,"Depakine® Syrup 57,64 mg/ml 150ml vials","A.S. Sanofi-Aventis France, Франция произведено: Unither Liquid Manufacturing Франция",,https://uzpharm-control.uz/registry/drugs/8452,DV/X 03288/07/17,N03AG01,2,1,1.4.4. Valproat kislotasi/v?lproat natriy
lamotrigine,Lamonil 100 Tablets 100mg blisters №30(3x10),Adnova Healthcare Pvt. Ltd. Индия,,https://uzpharm-control.uz/registry/drugs/48297,DV/X 08419/10/20,N03AX09,2,1,1.4.5. Lamotridjin
lamotrigine,Latrid Tablets 50 mg contour cellular packaging №50(5x10),СП ООО Remedy Group Узбекистан,,https://uzpharm-control.uz/registry/drugs/3905,DV/M 02392/12/18,N03AX09,20,8,1.4.5. Lamotridjin
lamotrigine,Lamitor-Artemis Film-coated tablets 100 mg blisters №100(10x10),Pvt. Ltd. Nucleus Formulation Индия,,https://uzpharm-control.uz/registry/drugs/43611,DV/X 03362/07/17,N03AX09,2,2,1.4.5. Lamotridjin
lamotrigine,Lamotrin Tablets 100 mg blisters №60(6x10),ООО Фарма Старт Украина,,https://uzpharm-control.uz/registry/drugs/41951,DV/X 03899/01/18,N03AX09,6,6,1.4.5. Lamotridjin
lamotrigine,Lamictal Сhewable/soluble tablets 2 mg vials №30(1x30),S.A. Glaxo SmithKline Pharmaceuticals Польша,,https://uzpharm-control.uz/registry/drugs/43304,DV/X 00840/09/15,N03AX09,2,2,1.4.5. Lamotridjin
lamotrigine,Lamotrigine Accord Tablets 100mg PVC/PE/PVDC and aluminum foil blister №56(4x14),Accord Healthcare Limited Великобритания,,https://uzpharm-control.uz/registry/drugs/36590,DV/X/TO 11156/11/25,N03AX09,1,1,1.4.5. Lamotridjin
lamotrigine,LANISTOR® Tablets 100 mg blisters №100(10x10),Kusum Healthcare Pvt. Ltd. Индия,,https://uzpharm-control.uz/registry/drugs/4939,DV/X 08549/02/21,N03AX09,9,3,1.4.5. Lamotridjin
levomepromazine,Tizersin/Tiserсin Solution for injection 25 mg/ml 1ml ampoules №10(1x10),EGIS Pharmaceuticals Венгрия,,https://uzpharm-control.uz/registry/drugs/22022,DV/X 06715/08/19,N05AA02,1,1,2.1.1. Levomepromazin
levomepromazine,Tisercin® Coated tablets 25 mg vials №50(1x50),Egis Pharmaceuticals Венгрия,,https://uzpharm-control.uz/registry/drugs/45665,DV/X 06714/08/19,N05AA02,1,1,2.1.1. Levomepromazin
haloperidol,Halopril Forte Tablets 5 mg blisters №50(5x10),"ООО Харьковское фармацевтическое предприятие ""Здоровье народу"" Украина",,https://uzpharm-control.uz/registry/drugs/34561,DV/X 06429/06/19,N05AD01,1,1,2.1.2. Galoperidol
haloperidol,Halopril Solution for injection 5 mg/ml 1ml ampoules №10(2x5),"ООО Харьковское фармацевтическое предприятие ""Здоровье народу"" Украина",,https://uzpharm-control.uz/registry/drugs/3901,DV/X 03538/09/17,N05AD01,2,2,2.1.2. Galoperidol
haloperidol,Halopril Tablets 1.5 mg blisters №50(5x10),"ООО Харьковское фармацевтическое предприятие ""Здоровье народу"" Украина",,https://uzpharm-control.uz/registry/drugs/6064,DV/X 06428/06/19,N05AD01,1,1,2.1.2. Galoperidol
haloperidol,Codelaprid Tablets 5mg contour cellular packaging №500(50x10),ИП ООО Codepharm Узбекистан,,https://uzpharm-control.uz/registry/drugs/15656,DV/M 05521/02/26,N05AD01,30,30,2.1.2. Galoperidol
haloperidol,Haloperidol Tablets 5 mg blisters №50(5x10),LTD Rusan Pharma Индия,,https://uzpharm-control.uz/registry/drugs/42180,DV/X 05429/12/18,N05AD01,2,2,2.1.2. Galoperidol
haloperidol,Haloperidol Solution for injection 5 mg/ml 1ml ampoules №5(5x1),LTD Rusan Pharma Индия,,https://uzpharm-control.uz/registry/drugs/14048,DV/X 01367/02/16,N05AD01,1,1,2.1.2. Galoperidol
droperidol,Droperidolum Solution for intravenous or intramuscular injection 2.5 mg/ml 5ml vials №5(1x5),ФГУП Московский эндокринный завод Российская Федерация,,https://uzpharm-control.uz/registry/drugs/15003,DV/X 03775/11/17,N05AD08,5,5,2.1.3. Droperidol
clozapine,AZALEPTOL-MR Tablets 100 mg contour cellular packaging №50(5x10),ООО Merrymed Farm Узбекистан,,https://uzpharm-control.uz/registry/drugs/26764,DV/M 04557/08/23,N05AH02,4,4,2.1.4. Klozapin
clozapine,Clozopinex Tablets 200mg contour cellular packaging №500(50x10),ИП ООО Codepharm Узбекистан,,https://uzpharm-control.uz/registry/drugs/34104,DV/M 05461/01/26,N05AH02,21,21,2.1.4. Klozapin
clozapine,Azaleptol Tablets 100mg containers №50,ЧАО Технолог Украина,,https://uzpharm-control.uz/registry/drugs/23295,DV/X 03773/11/17,N05AH02,4,4,2.1.4. Klozapin
clozapine,Clozapine Tablets 100 mg contour cellular packaging №50(5x10),ФГУП Московский эндокринный завод Российская Федерация,,https://uzpharm-control.uz/registry/drugs/31336,DV/X 10918/04/25,N05AH02,2,2,2.1.4. Klozapin
clozapine,Klozalan Tablets 100 мг blisters №60(6x10),GmbH Lannacher Heilmittel Австрия,,https://uzpharm-control.uz/registry/drugs/3046,DV/X 01750/05/16,N05AH02,2,2,2.1.4. Klozapin
trifluoperazine,TRIPHTHAZIN-ZDOROVYE Film-coated tablets 5 mg blisters №50(2x25),"ООО Фармацевтическая компания ""Здоровье""4 Украина",,https://uzpharm-control.uz/registry/drugs/29140,DV/X 02940/04/17,N05AB06,5,4,2.1.5. Trifluoperazin
trifluoperazine,Trifluoperazine Film-coated tablets 5 mg strips №100(10x10),LTD Rusan Pharma Индия,,https://uzpharm-control.uz/registry/drugs/25994,DV/X 04767/07/18,N05AB06,4,3,2.1.5. Trifluoperazin
trifluoperazine,TRIFTAZIN DARNITSA Solution for injection 2 mg/ml 1ml ampoules №10(2x5),"ЧАО ""Фармацевтическая фирма ""Дарница"" Украина",,https://uzpharm-control.uz/registry/drugs/11434,DV/X 03203/06/17,N05AB06,1,1,2.1.5. Trifluoperazin
trifluoperazine,MER Тriftazin Film-coated tablets 5 mg contour cellular packaging №50(2x25),ООО Merrymed Farm1 Узбекистан,,https://uzpharm-control.uz/registry/drugs/24503,DV/M 03770/03/21,N05AB06,7,7,2.1.5. Trifluoperazin
fluphenazine,Moditen® DEPO depo Solution for injection 25 mg/1 ml 1ml ampoules №5(1x5),"KRKA, d.d., Novo mesto Словения",,https://uzpharm-control.uz/registry/drugs/42927,DV/X 00906/10/15,N05AB02,1,1,2.1.6. Flufenazin
chlorpromazine,Clorpromed-50. Clorpromed-100 Film-coated tablets 100mg blisters №50(5x10),S.A. Intermed Индия,,https://uzpharm-control.uz/registry/drugs/36914,DV/X 05786/02/19,N05AA01,2,2,2.1.7. Xlorpromazin
chlorpromazine,Aminazinum Film-coated tablets 100 mg contour cellular packaging №10(1x10),АО Валента Фармацевтика Российская Федерация,,https://uzpharm-control.uz/registry/drugs/3274,DV/X 02230/10/16,N05AA01,3,3,2.1.7. Xlorpromazin
chlorpromazine,Chlorpromazinum Solution for injection 25 mg/ml 2millilitr ampoules №10(2x5),"ООО Харьковское фармацевтическое предприятие ""Здоровье народу"" Украина",,https://uzpharm-control.uz/registry/drugs/42489,DV/X 01091/11/15,N05AA01,2,2,2.1.7. Xlorpromazin
risperidone,Rispekodin Coated tablets 1 mg contour cellular packaging №30(3x10),ИП ООО Codepharm Узбекистан,,https://uzpharm-control.uz/registry/drugs/48035,DV/M 03638/11/20,N05AX08,32,28,2.1.8. Risperidon
risperidone,Risperidone film-coated tablets 2mg PVC/PE/PVDC and aluminum foil blister №60(4x15),Accord Healthcare Limited Великобритания,,https://uzpharm-control.uz/registry/drugs/47416,DV/X 11221/02/26,N05AX08,1,1,2.1.8. Risperidon
risperidone,Torendo® Film-coated tablets 4 mg №30 blisters №20(2x10),"KRKA, d.d., Novo mesto Словения",,https://uzpharm-control.uz/registry/drugs/3941,DV/X 04343/05/18,N05AX08,4,4,2.1.8. Risperidon
risperidone,Rispaksol Coated tablets 4mg blisters №20(2x10),АО Гриндекс Латвия,,https://uzpharm-control.uz/registry/drugs/21077,DV/X 06027/03/19,N05AX08,4,4,2.1.8. Risperidon
risperidone,Respongyl Film-coated tablets 4 mg contour cellular packaging №20(2x10),LTD Replek Farm Skopje Македония,,https://uzpharm-control.uz/registry/drugs/32585,DV/X 04037/02/18,N05AX08,2,2,2.1.8. Risperidon
risperidone,Risperidon Film-coated tablets 2 mg contour cellular packaging №20(10x2),АО Рафарма Российская Федерация,,https://uzpharm-control.uz/registry/drugs/43993,DV/X 08320/09/20,N05AX08,1,1,2.1.8. Risperidon
risperidone,Uniperidon Tab. film-coated tablets 2mg bottle №300,Unimed Pharmaceuticals Inc Республика Корея,,https://uzpharm-control.uz/registry/drugs/48540,DV/X/TO 11484/09/26,N05AX08,2,2,2.1.8. Risperidon
risperidone,ROSEMIDE® Oral Dispersible Tablets 4 mg blisters №60(6x10),Kusum Healthcare Pvt. Ltd. Индия,,https://uzpharm-control.uz/registry/drugs/10360,DV/X 09781/04/22,N05AX08,9,9,2.1.8. Risperidon
risperidone,Sedarex Coated tablets 4 mg blisters №30(3x10),GM Pharmaceuticals Ltd Грузия,,https://uzpharm-control.uz/registry/drugs/14245,DV/X 04228/03/18,N05AX08,3,3,2.1.8. Risperidon
risperidone,Noprenia coated tablets 2mg strips №30(3x10),Novell Pharmaceutical Laboratories Индонезия,,https://uzpharm-control.uz/registry/drugs/5604,DV/X 05868/03/19,N05AX08,1,1,2.1.8. Risperidon
thioridazine,Sonapax® Сoated tablets 25 mg blisters №60(3x20),Pharmaceutical Company Jelfa S.A. Польша,,https://uzpharm-control.uz/registry/drugs/4188,DV/X 00085/02/15,N05AC02,2,2,2.1.9. Tioridazin
sulpiride,ZEPRIN Tablets 200 mg contour cellular packaging №30(3x10),ИП ООО Nobel Pharmsanoat Узбекистан,,https://uzpharm-control.uz/registry/drugs/24292,DV/M 00341/09/15,N05AL01,2,0,2.1.10. Sulpirid
sulpiride,ZEPRIN® 200 Tablets 200 mg contour cellular packaging №30(3x10),ИП ООО Nobel Pharmsanoat Узбекистан,,https://uzpharm-control.uz/registry/drugs/24122,DV/M 00341/09/15,N05AL01,2,1,2.1.10. Sulpirid
sulpiride,Betamaks Tablets 200 mg blisters №30(3x10),JSC Grindeks Латвия,,https://uzpharm-control.uz/registry/drugs/43208,DV/X 03975/02/18,N05AL01,3,3,2.1.10. Sulpirid
sulpiride,Prosulpin® Tablets 200 mg blisters №30(3x10),Pro. Med. CS Praha A.S. Чешская Республика,,https://uzpharm-control.uz/registry/drugs/4931,DV/X 04627/07/18,N05AL01,4,2,2.1.10. Sulpirid
sulpiride,ZEPRIN® 50 capsules 50 mg contour cellular packaging №30(3x10),ИП ООО Nobel Pharmsanoat Узбекистан,,https://uzpharm-control.uz/registry/drugs/4731,DV/M 00341/09/15/1,N05AL01,2,1,2.1.10. Sulpirid
sulpiride,ZEPRIN capsules 50 mg contour cellular packaging №30(3x10),ИП ООО Nobel Pharmsanoat Узбекистан,,https://uzpharm-control.uz/registry/drugs/4690,DV/M 00341/09/15/1,N05AL01,1,0,2.1.10. Sulpirid
"levosulpiride, rabeprazole",Zulpera Neo Hard gelatin capsules 20 mg + 75 mg blisters №100(10x10),Sotac Pharmaceuticals Pvt. Ltd. Индия,,https://uzpharm-control.uz/registry/drugs/46320,DV/X 09115/07/21,A02BC54,1,1,2.1.10. Sulpirid
sulpiride,Prosulpirid Tablets 200 mg blisters №10(1x10),"ООО Фармацевтическая компания ""Здоровье""4 Украина",,https://uzpharm-control.uz/registry/drugs/11782,DV/X 05967/03/19,N05AL01,2,2,2.1.10. Sulpirid
quetiapine,Quetirid film-coated tablets 300mg contour cellular packaging №100(10x10),ИП ООО Codepharm Узбекистан,,https://uzpharm-control.uz/registry/drugs/11602,DV/M 05160/08/25,N05AH04,27,27,2.1.11. Kvetiapin
quetiapine,Quetiron Film-coated tablets 100 mg blisters №60(6x10),ООО Фарма Старт Украина,,https://uzpharm-control.uz/registry/drugs/9737,DV/X 03898/01/18,N05AH04,9,3,2.1.11. Kvetiapin
quetiapine,Ketap Film-coated tablets 200 mg blisters №30(2x15),Merkez Laboratuari İlaç San. ve Tic. A. Ş. Турция,,https://uzpharm-control.uz/registry/drugs/9481,DV/X 05861/03/19,N05AH04,2,2,2.1.11. Kvetiapin
quetiapine,Quelept Film-coated tablets 200 mg blisters №30(3x10),Ilko Ilac Sanayi ve Ticaret A. Ş. Турция,,https://uzpharm-control.uz/registry/drugs/21160,DV/X 08699/03/21,N05AH04,3,3,2.1.11. Kvetiapin
quetiapine,Ketilept® Сoated tablets 300 mg blisters №30(3x10),Egis Pharmaceuticals PLC Венгрия,,https://uzpharm-control.uz/registry/drugs/20482,DV/X 05297/11/18,N05AH04,10,10,2.1.11. Kvetiapin
quetiapine,QUENTIAX Film-coated tablets 150 mg 1mg/dose blisters №1230(123x10),"KRKA, d.d., Novo mesto Словения",,https://uzpharm-control.uz/registry/drugs/3067,DV/X 00395/05/15,N05AH04,2,2,2.1.11. Kvetiapin
quetiapine,QUETIAPINE Film-coated tablets 200 mg contour cellular packaging №60(2x30),ООО Озон Российская Федерация,,https://uzpharm-control.uz/registry/drugs/29495,DV/X 11119/10/25,N05AH04,2,2,2.1.11. Kvetiapin
quetiapine,Teriquin Film-coated tablets 200 mg blisters №60(6x10),S.L. Laboratorios Lesvi Испания,,https://uzpharm-control.uz/registry/drugs/39132,DV/X 08673/03/21,N05AH04,3,3,2.1.11. Kvetiapin
quetiapine,Q-Mind ER 50 prolonged - release film - coated tablets 50 mg blisters №30(3x10),Torrent Pharmaceuticals LTD Индия,,https://uzpharm-control.uz/registry/drugs/14671,DV/X 07747/04/20,N05AH04,2,2,2.1.11. Kvetiapin
quetiapine,Quaichi film-coated tablets 100mg bottle №100,Co. Ltd. Yungjin Pharm Корея Южная,,https://uzpharm-control.uz/registry/drugs/37723,DV/X/TO 11228/02/26,N05AH04,4,4,2.1.11. Kvetiapin
olanzapine,Zylanza Orodispersible tablets 20 mg blisters №28(4x7),Genepharm S.A. Греция,,https://uzpharm-control.uz/registry/drugs/27590,DV/X 10584/12/23,N05AH03,4,4,2.1.12. Olanzapin
olanzapine,Tolanz 10 Tablets dispersed in the oral cavity blisters №100(10x10),Torrent Pharmaceuticals LTD Индия,,https://uzpharm-control.uz/registry/drugs/28446,DV/X 09616/02/22,N05AH03,6,6,2.1.12. Olanzapin
olanzapine,Olanzapol film-coated tablets 15mg contour cellular packaging №35(5x7),ИП ООО Codepharm Узбекистан,,https://uzpharm-control.uz/registry/drugs/6480,DV/M 05409/12/25,N05AH03,92,92,2.1.12. Olanzapin
olanzapine,Olzap Сoated tablets 5 mg blisters №30(3x10),GM Pharmaceuticals Ltd Грузия,,https://uzpharm-control.uz/registry/drugs/32464,DV/X 03673/11/17,N05AH03,2,2,2.1.12. Olanzapin
olanzapine,Egolanza Coated tablets 20 mg blisters №56(8x7),Egis Pharmaceuticals PLC Венгрия,,https://uzpharm-control.uz/registry/drugs/24002,DV/X 00199/03/15,N05AH03,10,8,2.1.12. Olanzapin
olanzapine,Olanzapine film-coated tablets 5mg aluminum blister №28(2x14),Accord Healthcare Limited Великобритания,,https://uzpharm-control.uz/registry/drugs/15066,DV/X/TO 11226/02/26,N05AH03,1,1,2.1.12. Olanzapin
olanzapine,Olanzapin Bel film-coated tablets 10mg contour cellular packaging №30(3x10),ИП ООО BELPHARM Узбекистан,,https://uzpharm-control.uz/registry/drugs/47339,DV/M 05769/07/26,N05AH03,2,2,2.1.12. Olanzapin
olanzapine,OLFREX film-coated tablets 5mg contour cellular packaging №28(2x14),ИП ООО Nobel Pharmsanoat Узбекистан,,https://uzpharm-control.uz/registry/drugs/14094,DV/M 00561/12/15,N05AH03,9,2,2.1.12. Olanzapin
olanzapine,Zolafren-svift Dispersible tablets 20 mg blisters №28(4x7),S.A. Pharmaceutical Works Adamed Pharma Joint-Stock Польша,,https://uzpharm-control.uz/registry/drugs/42905,DV/X 02279/10/16,N05AH03,4,0,2.1.12. Olanzapin
olanzapine,Zolafren-svift Dispersible tablets 20 mg blisters №28(4x7),Adamed Pharma' S.A. Польша,,https://uzpharm-control.uz/registry/drugs/42664,DV/X 02279/10/16,N05AH03,4,4,2.1.12. Olanzapin
olanzapine,Conzepa Film-coated tablets 10 mg blisters №28(2x14),Ali Raif Ilac San. A. Ş. Турция,,https://uzpharm-control.uz/registry/drugs/3055,DV/X 06307/05/19,N05AH03,2,2,2.1.12. Olanzapin
olanzapine,Rexapin Film-coated tablets 10 mg blisters №28(4x7),Abdi İbrahim İlaç San. ve Tic. A.S. Турция,,https://uzpharm-control.uz/registry/drugs/7962,DV/X 11046/08/25,N05AH03,2,2,2.1.12. Olanzapin
tiapride,Tiaprosan Tablets 100 mg blisters №90(9x10),PRO.MED.CS PRAHA A.S. Чешская Республика,,https://uzpharm-control.uz/registry/drugs/5287,DV/X 06154/05/19,N05AL03,3,1,2.1.13. Tiaprid
alimemazine,"Teralidjen Retard Prolonged-release, film-coated tablets 20 mg contour cellular packaging №30(3x10)",АО Валента Фарм Российская Федерация,,https://uzpharm-control.uz/registry/drugs/33310,DV/X 09147/07/21,R06AD01,1,1,2.1.14. Alimemazin
alimemazine,ALIFAZIN Film-coated tablets 5 mg blisters №50(2x25),Industries LAPHAL Франция,,https://uzpharm-control.uz/registry/drugs/45871,DV/X 10619/05/24,R06AD01,1,1,2.1.14. Alimemazin
alimemazine,Teraligen Film-coated tablets 5 mg contour cellular packaging №100(4x25),АО Валента Фарм Российская Федерация,,https://uzpharm-control.uz/registry/drugs/43417,DV/X 08550/02/21,N05CM,3,3,2.1.14. Alimemazin
alimemazine,Teralidjen Valenta Film-coated tablets 5 mg contour cellular packaging №100(4x25),АО Валента Фарм Российская Федерация,,https://uzpharm-control.uz/registry/drugs/43232,DV/X 08550/02/21,N05CM,3,0,2.1.14. Alimemazin
aripiprazole,Ariprazol Tablets 15 mg blisters №60(6x10),ООО Фарма Старт2 Украина,,https://uzpharm-control.uz/registry/drugs/24769,DV/X 04984/08/18,N05AX12,10,2,2.1.15. Aripiprazol
aripiprazole,Rapirabel 20 tablets packagings pocket contour-fit №28(2x14),ИП ООО Nobel Pharmsanoat Узбекистан,,https://uzpharm-control.uz/registry/drugs/17787,DV/M 01056/10/16,N05AX12,10,5,2.1.15. Aripiprazol
aripiprazole,ARIPEGIS® Tablets 15 mg blisters №56(4x14),Egis Pharmaceuticals PLC Венгрия,,https://uzpharm-control.uz/registry/drugs/45689,DV/X 01446/03/16,N05AX12,6,6,2.1.15. Aripiprazol
aripiprazole,Arip MT uncoated tablets 10mg blisters №100(10x10),Torrent Pharmaceuticals LTD Индия,,https://uzpharm-control.uz/registry/drugs/44586,DV/X 11078/09/25,N05AX12,2,2,2.1.15. Aripiprazol
alprazolam,Alprazolam Grindeks Tablets 0.25mg contour cellular packaging №20(2x10),АО Гриндекс Латвия,,https://uzpharm-control.uz/registry/drugs/27697,DV/X/TO 11206/01/26,N05BA12,3,3,2.2.1. Alprazolam
alprazolam,Alprazolam-NGP Tablets 1 mg contour cellular packaging №50(5x10),ООО Neogalenpharm Узбекистан,,https://uzpharm-control.uz/registry/drugs/7815,DV/M 03185/05/20,N05BA12,4,4,2.2.1. Alprazolam
diazepam,Sibazon Tablets 5 mg contour cellular packaging №50(5x10),ФГУП Московский эндокринный завод Российская Федерация,,https://uzpharm-control.uz/registry/drugs/38733,DV/X 03774/11/17,N05BA01,3,3,2.2.2. Diazepam
diazepam,Verzepam Solution for injection 5 mg/ml 2ml ampoules №100(10x10),LTD Verve Human Care Laboratories Индия,,https://uzpharm-control.uz/registry/drugs/28070,DV/X 07854/05/20,N05BA01,1,1,2.2.2. Diazepam
diazepam,Diazepam-NGP Tablets 5 mg contour cellular packaging №50(5x10),ООО Neogalenpharm Узбекистан,,https://uzpharm-control.uz/registry/drugs/15224,DV/M 03186/05/20,N05BA01,5,5,2.2.2. Diazepam
diazepam,Sibazon Solution for intravenous or intramuscular injection 5mg/ml 2ml ampoules №5(1x5),ФГУП Московский эндокринный завод Российская Федерация,,https://uzpharm-control.uz/registry/drugs/43954,DV/X 11240/02/26,N05BA01,1,1,2.2.2. Diazepam
diazepam,Sibazon Solution for injection 5 mg/ml 2ml ampoules №10(2x5),"ООО Харьковское фармацевтическое предприятие ""Здоровье народу"" Украина",,https://uzpharm-control.uz/registry/drugs/4621,DV/X 05356/11/18,N05BA01,1,1,2.2.2. Diazepam
